lưu ý,tiến độ,name,related diseases,product names
,x,codeine,"Đau mức độ trung bình, Ho khan, Ho do kích ứng","Viên nén Efferalgan Codeine (paracetamol 500mg, codeine 30mg/1 viên), viên nén bao đường Neo-Codion (codeine base 14,93mg/viên), Viên nén Terpin Codein (terpin hydrat 100mg, codeine 15mg/1 viên)"
,x,dextromethorphan,"Ho khan, Ho do kích ứng","Viên nén Atussin (10mg/1 viên), Siro Atussin (5mg/5ml siro), Viên nén Glotadol Flu (15mg/1 viên), Viên nén bao phim Ameflu (15mg/1 viên), Viên nén bao phim Hapacol CF (10mg/1 viên), Viên nén bao phim Ravonol (15mg/1 viên)"
? - lưu ở nhóm thuốc ho,x,hydrocodone,"Đau vừa đến nặng, Đau mãn tính, Đau cấp tính, Đau sau phẫu thuật, Đau do ung thư, Đau do chấn thương","Viên nén Vicodin (hydrocodone 5mg/acetaminophen 500mg), Viên nén Norco (hydrocodone 5mg/acetaminophen 325mg), Viên nén Lortab (hydrocodone 7.5-10mg/acetaminophen 325mg), Viên nang giải phóng kéo dài Zohydro ER (hydrocodone 15-20-30-50mg), Viên nén giải phóng kéo dài Hysingla ER (hydrocodone 20-30-40-60-80mg)"
,x,opium derivatives and expectorants,"Ho khan, Ho có đờm, Ho do cảm lạnh, Ho do viêm họng, Ho do viêm phế quản cấp, Giảm kích ứng đường hô hấp","Viên nén Terpin-Codein (Terpin hydrate 100mg, Codeine 5-10-15mg/1 viên), Viên nén bao đường Neo-Codion (Codeine base 14.93mg/1 viên), viên nang mềm Codepect (Codein phosphat - 10mg), viên nang mềm Cezil Cough (Cetirizin (Guaifenesin - 100 mg; Dextromethorphan hydrobromid - 15 mg)"
,x,celecoxib,"Viêm xương khớp, Viêm khớp dạng thấp, Viêm cột sống dính khớp, Đau cấp tính, Đau bụng kinh nguyên phát","Viên nang cứng Celebrex (200mg/1 viên), Viên nang Celcoxx (100-200mg/1 viên), Viên nang Celecoxib 200mg (200mg/1 viên)"
,x,flurbiprofen,"Đau họng, Viêm họng, Đau răng, Đau đầu, Đau cơ, Đau khớp, Viêm khớp dạng thấp, Viêm xương khớp, Viêm cột sống dính khớp, Đau bụng kinh, Đau sau phẫu thuật, Viêm gân, Viêm bao hoạt dịch, Viêm mắt sau phẫu thuật đục thủy tinh thể","Kẹo ngậm StrepsilsMaxpro (8.75mg/1 viên ngậm), Kẹo ngậm Strefen (8.75mg/1 viên ngậm), Viên nén Froben (50mg/1 viên), Viên nén Froben (100mg/1 viên), Viên nén Ansaid (100mg/1 viên), Thuốc nhỏ mắt Ocufen (0.12mg/0.4ml)"
,x,ibuprofen,"Đau đầu, Sốt, Đau cơ, Đau khớp, Viêm khớp dạng thấp, Viêm xương khớp, Đau bụng kinh, Đau răng, Đau lưng, Bong gân, Căng cơ, Viêm bao hoạt dịch, Viêm gân, Đau sau phẫu thuật, Đau do chấn thương","Viên nén bao phim Ibuprofen (200-400-600mg/1 viên), Hỗn dịch uống Brufen (100mg/5ml), Viên nang mềm Gofen 400 clearcap (400mg/1 viên)"
,x,lornoxicam,"Đau xương khớp, Viêm khớp dạng thấp, Đau cấp tính, Đau sau phẫu thuật, Đau lưng, Đau thần kinh tọa, Đau răng, Đau bụng kinh","Viên nén bao phim Livorax-8 (8mg/1 viên), Viên nén bao phim Vocfor (8mg/1 viên), Viên nén Lornoxicam tablets 8mg (8mg/1 viên), Viên nén Lornoxi-8 (8mg/1 viên), Viên nén bao phim Flexilor 4 (4mg/1 viên)"
,x,meloxicam,"Viêm xương khớp, Viêm khớp dạng thấp, Viêm cột sống dính khớp, Đau khớp, Sưng khớp, Đau cơ xương khớp","Viên nén Mobic (7.5-15mg/1 viên), Viên nén Meloxicam Stada (7.5-15mg/1 viên), Dung dịch tiêm Meloxicam (15mg/1,5ml), Viên nén phân tán Ocemebic 15 (15mg/1 viên)"
,x,piroxicam,"Viêm xương khớp, Viêm khớp dạng thấp, Viêm cột sống dính khớp, Gout cấp tính, Đau cơ xương khớp, Viêm gân, Viêm bao hoạt dịch, Đau sau phẫu thuật, Đau bụng kinh","Viên nang Pimoint (20mg/1 viên), Viên nang Piroxicam Stada 20mg (20mg/1 viên), Dung dịch tiêm bắp Piroxicam Injection (20 mg/2 ml), Gel bôi da Loresid gel (0.1g/20g), Viên đạn đặt trực tràng Rixgina (20 mg/viên)"
,x,tenoxicam,"Viêm khớp dạng thấp, Viêm xương khớp, Viêm cột sống dính khớp, Viêm gân, Viêm bao hoạt dịch, Đau sau chấn thương, Đau sau phẫu thuật, Gout cấp","Viên nén Tenoxicam (20mg/1 viên), Viên nang cứng Tenonic (20mg/1 viên), Thuốc tiêm bột đông khô Tincocam (20mg/1 viên), Viên nén bao phim Tenonic(20mg/1 viên), Viên nén bao phim Tilcotil (20mg/1 viên)"
,x,eletriptan,"Đau nửa đầu cấp tính, Đau nửa đầu từng cơn","Viên nén Relpax (20-40mg/1 viên), viên nén Eletriptan Hydrobromide (20mg/viên)"
,x,oliceridine,Đau cấp tính đến nặng cần giảm đau opioid,thuốc tiêm tiêm Olinvyk (2mg/2 mL)
,x,oxycodone,"Đau vừa đến nặng, Đau mãn tính, Đau do ung thư, Đau sau phẫu thuật","Viên nén phóng thích kéo dài OxyContin (10-15-20-30-40mg-80mg), Viên nén Percocet (oxycodone 5mg/acetaminophen 325mg), Viên nén Roxicodone (5mg, 15mg, 30mg), Viên nang Oxynorm (5mg, 10mg, 20mg), Viên nén phóng thích kéo dài Targin (oxycodone 5mg/naloxone 2.5mg, 10mg/5mg, 20mg/10mg, 40mg/20mg)"
,x,tramadol,"Đau vừa đến đau nặng, Đau cấp tính, Đau mãn tính, Đau thần kinh, Đau xương khớp, Đau do ung thư","Viên nén Ultracet (Tramadol hydrochloride - 37,5mg/viên), Gramadol Capsules (Tramadol hydrochloride - 37,5mg/viên), Viên nén bao phim Zandol (Tramadol hydrochloride - 37,5mg/viên), Dung dịch tiêm Poltram 100 ( Tramadol hydrochloride 100mg/2ml )"
,x,tolperisone,"Điều trị tình trạng co cứng sau đột quỵ ở người trưởng thành, Điều trị chấn thương tủy sống sau lưng, Điều trị co thắt cơ cấp tính, Bệnh đa xơ cứng, Các bệnh viêm não tủy có hoặc không có tình trạng loạn trương lực cơ,co thắt cơ miệng sau đột quỵ","Thuốc tiêm Mydocalm ( Tolperisone Hydrochloride, Lidocaine Hydrochloride - 100mg), Viên nén bao phim Tolso (50mg/1 viên), Viên nén Tolperisone (50mg/1 viên),  Viên nén bao phim Myderison (50mg/1 viên), Viên bao đường Jeforazon Tab (150mg/viên)"
,x,carisoprodol,"Đau cơ xương cấp tính, Co thắt cơ, Đau lưng cấp, Bong gân, Căng cơ, Chấn thương cơ xương","Viên nén Biromonol (350mg/1 viên), Viên nén Carisoprodol (350mg/1 viên), Viên nén Fleyesal (250mg/1 viên), Viên nén Komacto (350mg/1 viên)"
,x,succinylcholine,"Gây giãn cơ trong phẫu thuật, Hỗ trợ đặt nội khí quản, Giảm co thắt cơ trong liệu pháp sốc điện, Giãn cơ trong các thủ thuật y tế ngắn","Dung dịch tiêm Suxamethonium Chloride (50mg/ml), Thuốc tiêm Anectine (200mg/10ml), Dung dịch tiêm Quelicin (200mg/10ml), Dung dịch thuốc tiêm Succalox (100mg suxamethonium chloride)"
,x,methoxyflurane,"Đau cấp tính, Đau do chấn thương, Đau do bỏng, Đau trong quá trình vận chuyển bệnh nhân, Đau do thủ thuật y tế ngắn",Ống hít Penthrox (3ml/ống)
,x,esomeprazole,"Trào ngược dạ dày thực quản (GERD), Viêm thực quản ăn mòn, Loét dạ dày tá tràng, Loét dạ dày do H. pylori, Loét dạ dày do NSAID, Hội chứng Zollinger-Ellison, Phòng ngừa loét dạ dày do stress và do dùng thuốc chống viêm không steroid.","Viên nén bao tan trong ruột Nexium (20-40mg/1 viên), Bột pha dung dịch tiêm/truyền tĩnh mạch Nexium ( Esomeprazole magnesium trihydrate - 40mg Esomeprazole), Cốm kháng dịch dạ dày để pha hỗn dịch uống Nexium (20mg), Viên nén bao tan trong ruột Stadnex (20-40mg/viên) "
,x,rabeprazole,"Trào ngược dạ dày thực quản (GERD), Viêm thực quản ăn mòn, Loét dạ dày tá tràng, Hội chứng Zollinger-Ellison, Diệt trừ Helicobacter pylori (kết hợp kháng sinh), Khó tiêu, Ợ nóng","Viên nén bao tan trong ruột Pariet (10-20mg/1 viên), Viên nén bao tan trong ruột Rabicad (10-20mg/1 viên), Viên nén bao tan trong ruột Rabeloc (10-20mg/1 viên), Bột đông khô pha tiêm Rabeloc I.V. ( Rabeprazole natri 20mg)"
,x,dexlansoprazole,"Trào ngược dạ dày thực quản (GERD), Viêm thực quản ăn mòn (Erosive Esophagitis - EE), Duy trì sự lành vết loét do viêm thực quản ăn mòn, Điều trị chứng ợ nóng liên quan đến bệnh trào ngược không ăn mòn (NERD), Ợ nóng, Khó tiêu, Đau thượng vị","Viên nang giải phóng chậm Dexilant (30-60mg/1 viên), Viên nang cứng chứa hạt vi nang(30-60mg/1 viên)"
,x,lansoprazole,"Loét dạ dày, Loét tá tràng, Trào ngược dạ dày thực quản, Viêm thực quản ăn mòn, Hội chứng Zollinger-Ellison, Khó tiêu, Ợ nóng, Khó tiêu do axit, Diệt trừ Helicobacter pylori","Viên nang cứng Lansoprazol 30mg(30mg/1 viên), Viên nang cứng Lanzonium (30mg/1 viên), Viên nang cứng Artlanzo (30mg/1 viên)"
,x,omeprazole,"Trào ngược dạ dày thực quản, Loét dạ dày tá tràng, Hội chứng Zollinger-Ellison, Viêm thực quản trào ngược, Khó tiêu do acid, Ợ nóng, Phòng ngừa loét dạ dày do NSAID, Diệt trừ Helicobacter pylori","Viên nang Omeprazole STADA (20mg/1 viên), Viên nang Losec (20mg/1 viên), Viên nang Omez (20mg/1 viên), Viên nang Gasec (20mg/1 viên), Viên nang Omeprazol Traphaco (20mg/1 viên), Viên nang Omeprazole Hasan (20mg/1 viên), Viên nang Omeprazole Mekophar (20mg/1 viên), Viên nang Omeprazole PMP (20mg/1 viên)"
,x,pantoprazole,"Bệnh trào ngược dạ dày thực quản (GERD), Viêm thực quản ăn mòn, Hội chứng Zollinger-Ellison, Loét dạ dày tá tràng, Loét dạ dày do thuốc kháng viêm không steroid (NSAID), Diệt trừ Helicobacter pylori (kết hợp kháng sinh), Khó tiêu chức năng","Viên nén bao tan trong ruột Pantoloc (40mg/1 viên), Viên nén bao tan trong ruột Ulsotac (40mg/1 viên), Bột đông khô pha tiêm tĩnh mạch Pantoloc I.V (Pantoprazole (dưới dạng Pantoprazole natri sesquihydrate) 40mg)"
,x,metoclopramide,"Buồn nôn, Nôn mửa (do hóa trị, sau phẫu thuật, do đau nửa đầu), Trào ngược dạ dày thực quản, Liệt dạ dày (do tiểu đường, sau phẫu thuật), Hỗ trợ đặt ống thông ruột non, Hỗ trợ chụp X-quang đường tiêu hóa trên","Viên nén Metof (10mg/1 viên), Dung dịch tiêm Siutamid Injection (10mg/2ml), Viên nén Primperan (10mg/1 viên), Dung dịch tiêm Horompelin injection(10mg/2ml), Viên nén Pamin (10mg/1 viên), Dung dịch tiêm Eminil (10mg/2ml), Viên nén Metoclopramid 10mg(10mg/1 viên)"
,x,allopurinol,"Gout cấp tính, Gout mạn tính, Tăng acid uric máu nguyên phát, Tăng acid uric máu thứ phát, Sỏi thận do acid uric, Hội chứng ly giải khối u","Viên nén Allopurinol 300(300mg/1 viên), Viên nén Urictab 100(100mg/viên), Viên nén Urictab 300(300mg/viên)"
,x,lesinurad,"Tăng acid uric máu liên quan đến bệnh gout, Bệnh gout","Viên nén Zurampic (200mg/1 viên), Viên nén Duzallo (200mg lesinurad/300mg allopurinol/1 viên), Viên nén Duzallo (200mg lesinurad/200mg allopurinol/1 viên)"
,x,atorvastatin,"Tăng cholesterol máu nguyên phát, Rối loạn lipid máu hỗn hợp, Tăng triglyceride máu, Rối loạn beta-lipoprotein máu nguyên phát, Tăng cholesterol máu gia đình đồng hợp tử, Dự phòng biến cố tim mạch (nhồi máu cơ tim, đột quỵ, đau thắt ngực) ở bệnh nhân có yếu tố nguy cơ","Viên nén bao phim Lipitor (10-20-40mg/1 viên), Viên nén Atorvastatin Stada (10mg/1 viên), Viên nén Atorvastatin (10-20mg/1 viên), Viên nén Atorvastatine EG 10mg (10mg/1 viên), Viên nén Atorlog 20 (20mg/1 viên)"
,x,simvastatin,"Tăng cholesterol máu nguyên phát, Rối loạn lipid máu hỗn hợp, Tăng cholesterol máu gia đình đồng hợp tử, Phòng ngừa biến cố tim mạch ở bệnh nhân có nguy cơ cao, Giảm nguy cơ nhồi máu cơ tim, Giảm nguy cơ đột quỵ, Giảm nguy cơ cần tái thông mạch vành","Viên nén Zocor (10-20-40mg/1 viên), Viên nén Simavas (10-20mg/1 viên), Viên nén Liponil (20mg/1 viên), Viên nén Simvastatin stada (10-20mg/1 viên), Viên nén Meyervastin(10-20mg/1 viên)"
,x,atenolol,"Tăng huyết áp, Đau thắt ngực, Loạn nhịp tim, Nhồi máu cơ tim cấp","Viên nén Tenormin (50mg/1 viên), Viên nén Atenstad 50 (50mg/1 viên), Viên nén Atenolol Stada (100mg/1 viên), Viên nén Teginol 50 (50mg/1 viên), Viên nén Aginolol 100 (100mg/1 viên), Viên nén Aginolol 50(50mg/1 viên)"
,x,bisoprolol,"Tăng huyết áp, Đau thắt ngực ổn định mạn tính, Suy tim mạn tính ổn định","Viên nén Concor (2.5-5mg/1 viên), Viên nén Concor (10mg/1 viên), Viên nén Bisoloc (2.5-5mg/1 viên), Viên nén Bisoprolol Stada (5-10mg/1 viên)"
,x,carvedilol,"Tăng huyết áp, Suy tim sung huyết, Đau thắt ngực, Rối loạn chức năng thất trái sau nhồi máu cơ tim","Viên nén Carvestad 6.25 (6.25-12.5mg/1 viên), Viên nén Vedicard (3.125-6.25-12.5-25mg/1 viên), Viên nén Carvedol(6.25-12.5-25mg/1 viên), Viên nén Dilatrend (6.25-12.5-25mg/1 viên)"
,x,metoprolol,"Cao huyết áp, Đau thắt ngực, Nhồi máu cơ tim cấp, Rối loạn nhịp tim, Nhịp nhanh trên thất, Suy tim mạn tính ổn định, Đau nửa đầu","Viên nén giải phóng chậm Betaloc ZOK (25-50mg/1 viên), Viên nén Egilok (50-10mg/1 viên),Viên nén bao phim phóng thích kéo dài Succipres (25-50mg/viên), Viên nén giải phóng kéo dài Plendil Plus(chứa 50mg metoprolol/viên)"
,x,nebivolol,"Tăng huyết áp vô căn, Suy tim mạn tính ổn định mức độ nhẹ đến trung bình ở bệnh nhân từ 70 tuổi trở lên","Viên nén Nebilet (5mg/1 viên), Viên nén mayervolol (2.5mg/1 viên), Viên nén Mibelet (5mg/1 viên), Viên nén Nebivolol Statda 5mg (5mg/1 viên)"
,x,propranolol,"Tăng huyết áp, Đau thắt ngực, Loạn nhịp tim, Nhồi máu cơ tim, Đau nửa đầu (phòng ngừa), Run vô căn, Lo âu, Cường giáp (kiểm soát triệu chứng), Tăng áp lực tĩnh mạch cửa, U tủy thượng thận","Viên nén Cardio-BFS (1mg/1 viên), Viên nén Dorocardyl 40mg (40mg/1 viên), Viên nén Propranolol (40mg/1 viên)"
,x,sotalol,"Rung nhĩ, Cuồng nhĩ, Nhịp nhanh thất đe dọa tính mạng, Rối loạn nhịp thất","Viên nén Opebeta 80 (80mg/1 viên), Viên nén Asmolex 80 (80mg/1 viên), Viên nén Medifox 80 (80mg/1 viên), Viên nén SotaHexal 80mg (80mg/1 viên)"
,x,timolol,"Glaucoma, Tăng nhãn áp, Glaucoma góc mở, Glaucoma thứ phát, Giảm áp lực nội nhãn","Dung dịch nhỏ mắt Duotrav ( Travoprost - 40 mcg/ml; Timolol - 5mg/ml;), Dung dịch nhỏ mắt Timoeye 0,25% (12,5mg/5ml;), Dung dịch nhỏ mắt Timoeye 0,5% (25mg/5ml), Hỗn dịch nhỏ mắt Azarga ( Brinzolamide 10mg/ml - ; Timolol (dưới dạngTimolol maleate) 5mg/ml ),  Dung dịch nhỏ mắt Ganfort ( Timolol 5mg),  Dung dịch nhỏ mắt Xalacom (12,5mg Timolol)"
,x,brivaracetam,"Động kinh cục bộ, Co giật cục bộ, Động kinh khởi phát cục bộ","Viên nén bao phim Briviact (10mg/1 viên), Viên nén bao phim Briviact (25mg/1 viên), Viên nén bao phim Briviact (50mg/1 viên), Viên nén bao phim Briviact (75mg/1 viên), Dung dịch uống Briviact (10mg/ml), Dung dịch tiêm Briviact (50mg/5ml)"
,x,acenocoumarol,"Huyết khối tĩnh mạch sâu, Thuyên tắc phổi, Rung nhĩ, dự phòng sau đặt van tim nhân tạo, Đột quỵ do cục máu đông, Nhồi máu cơ tim, cơn thiếu máu qua não","Viên nén Darius (1-4mg/1 viên), Viên nén Darian (1-4mg/1 viên), Viên nén Azenmarol (1-4mg/1 viên), Viên nén Vincerol 1mg (1mg/1 viên)"
,x,clopidogrel,"Nguy cơ tai biến huyết khối động mạch ở bệnh nhân can thiệp mạch vành, cơn thiếu máu cục bộ thoáng qua, cơn đột quỵ thiếu máu cục bộ cấp, huyết khối động mạch và tai biến huyết khối tắc mạch","Viên nén bao phim Plavix (75mg/1 viên), Viên nén bao phim Futagrel (75mg/1 viên), Viên nén bao phim Clopistad (75mg/1 viên), Viên nén bao phim Redpalm (75mg/1 viên), Viên nén bao phim Pidogrel (75mg/1 viên)"
,x,phenprocoumon,"Phòng ngừa và điều trị huyết khối tĩnh mạch sâu, Phòng ngừa và điều trị thuyên tắc phổi, Phòng ngừa đột quỵ ở bệnh nhân rung nhĩ, Phòng ngừa huyết khối hệ thống ở bệnh nhân có van tim nhân tạo, Phòng ngừa huyết khối tắc mạch sau phẫu thuật","Viên nén Marcumar (3mg/1 viên), Viên nén Falithrom (3mg/1 viên)"
,x,ticagrelor,"Hội chứng vành cấp, Nhồi máu cơ tim, Đột quỵ, Đau thắt ngực không ổn định, Bệnh động mạch vành","Viên nén bao phim Brilinta (90mg/1 viên), Viên nén bao phim Feleilor (90mg/1 viên), Viên nén bao phim Platetica (90mg/viên)"
,x,amiodarone,"Rối loạn nhịp thất đe dọa tính mạng, Rung nhĩ, Cuồng nhĩ, Nhịp nhanh trên thất, Dự phòng tái phát rung nhĩ, Dự phòng tái phát cuồng nhĩ, Rối loạn nhịp tim sau nhồi máu cơ tim","Viên nén Cordarone (200mg/1 viên), Dung dịch tiêm Cordarone (150mg/3ml), Viên nén Amidorol (200mg/1 viên), Viên nén Miradone (200mg/1 viên), Dung dịch tiêm BFS-Amiron (150mg/3ml)"
,x,disopyramide,"Rối loạn nhịp thất, Nhịp nhanh thất, Ngoại tâm thu thất","Viên nang Rythmodan (100-150mg/1 viên), Viên nang Norpace (100-150mg/1 viên), "
,x,flecainide,"Rung nhĩ kịch phát, Cuồng nhĩ kịch phát, Nhịp nhanh trên thất kịch phát, Nhịp nhanh thất bền vững, Loạn nhịp thất đe dọa tính mạng","Viên nén Tambocor (50-100mg/1 viên), Viên nén Tambocor (100mg/1 viên), Viên nén Flecainide Acetate (50-100mg/1 viên), Viên nén Flecainide (50-100mg/1 viên)"
,x,propafenone,"Rung nhĩ, Cuồng nhĩ, Nhịp nhanh trên thất kịch phát, Ngoại tâm thu thất, Nhịp nhanh thất","Viên nén Rytmonorm (150-300mg/1 viên), Viên nén Rythmol (150-225-300mg/1 viên)"
,x,quinidine,"Rung nhĩ, Cuồng nhĩ, Nhịp nhanh thất, Rối loạn nhịp trên thất, Sốt rét thể nặng","Viên nén Quinidine Sulfate (200-300mg/1 viên), Viên nén phóng thích kéo dài Quinidine Gluconate (324mg/1 viên), thuốc tiêm truyền Quinidine Gluconate(80 mg/1mL)"
,x,ranolazine,"Đau thắt ngực mạn tính, Đau ngực do thiếu máu cơ tim, Bệnh mạch vành (giảm triệu chứng đau thắt ngực), Cải thiện khả năng gắng sức ở bệnh nhân đau thắt ngực","Viên nén phóng thích kéo dài Ranexa (500-1000mg/1 viên), Viên nén phóng thích kéo dài Corzyna (500-1000mg/1 viên)"
,x,vernakalant,"Rung nhĩ khởi phát gần đây, Chuyển nhịp nhanh rung nhĩ về nhịp xoang",Dung dịch tiêm truyền Brinavess (20 mg/mL)
,x,losartan,"Cao huyết áp, Bệnh thận do tiểu đường, Giảm nguy cơ đột quỵ ở bệnh nhân cao huyết áp và phì đại thất trái, Suy tim","Viên nén Cozaar (50-100mg/1 viên), Viên nén Losartan Stada (12.5-50-100mg/1 viên), Viên nén bap phim Bivitanpo (50-100mg/1 viên)"
,x,avatrombopag,"Giảm tiểu cầu mạn tính (ITP), Giảm tiểu cầu ở bệnh nhân mắc bệnh gan mạn tính chuẩn bị phẫu thuật hoặc thủ thuật xâm lấn",Viên nén Doptelet (20mg/1 viên)
,x,clonidine,"Tăng huyết áp, Rối loạn tăng động giảm chú ý, Triệu chứng cai nghiện opioid, Đau thần kinh, Bốc hỏa do mãn kinh, Hội chứng Tourette, tăng nhãn áp, tiền mê","Viên nén Catapres (0.1-0.2mg/1 viên), Viên nén phóng thích kéo dài Kapvay (0.1-0.2mg/1 viên)"
,x,dronedarone,"Rung nhĩ, Cuồng nhĩ, Duy trì nhịp xoang ở bệnh nhân rung nhĩ kịch phát hoặc dai dẳng, Giảm nguy cơ nhập viện do tim mạch ở bệnh nhân rung nhĩ",Viên nén bao phim Multaq (400mg/1 viên)
,x,glibenclamide,Đái tháo đường type 2,"Viên nén Maninil (3.5-5mg/1 viên), Viên nén Plariche (1.75-3.5-5mg/1 viên)"
,x,gliclazide,"Đái tháo đường týp 2, Kiểm soát đường huyết, Tăng đường huyết","Viên nén phóng thích có kiểm soát Diamicron MR (30-60mg/1 viên), Viên nén phóng thích có kiểm soát Golddicron MR (30mg/1 viên), Viên nén giải phóng có kiếm soát Lazibet MR (60mg/1 viên)"
,x,glimepiride,"Đái tháo đường type 2, Kiểm soát đường huyết ở bệnh nhân đái tháo đường type 2","Viên nén Amaryl (1-2-4mg/1 viên), Viên nén Sigmaryl (2-4mg/1 viên), Viên nén Glimepiride Denk 3 (3mg/1 viên), Viên nén Glimepiride Stada (2-4mg/1 viên)"
,x,tolbutamide,"Tiểu đường type 2, Đái tháo đường không phụ thuộc insulin","Viên nén Orinase (500-1000mg/1 viên), Viên nén Rastinon (500mg/1 viên)"
,x,eliglustat,Bệnh Gaucher tuýp 1,Viên nang Cerdelga (84mg/1 viên)
Trùng,x,celecoxib,"Viêm xương khớp, Viêm khớp dạng thấp, Viêm cột sống dính khớp, Đau cấp tính, Đau bụng kinh nguyên phát, Viêm khớp dạng thấp ở trẻ vị thành niên","Viên nang cứng Celebrex (200mg/1 viên), Viên nang Celcoxx (100-200mg/1 viên), Viên nang Celecoxib 200mg (200mg/1 viên)"
,x,irinotecan,"Ung thư đại trực tràng di căn, Ung thư phổi tế bào nhỏ, Ung thư tụy, Ung thư dạ dày, Ung thư buồng trứng, U nguyên bào thần kinh","Dung dịch tiêm Irinotecan (40mg/2ml),  Dung dịch đậm đặc để pha dung dịch tiêm truyền Irinotecan ""Ebewe"" 100mg/5ml (100mg/5ml), Dung dịch tiêm Irinotecan onkovis 20mg/ml (20mg/ml),  Dung dịch đậm đặc để pha dung dịch tiêm truyền Campto (100mg/5ml)"
,x,axitinib,Ung thư biểu mô tế bào thận tiến triển,Viên nén bao phim Inlyta (1-5mg/1 viên)
,x,capecitabine,"Ung thư đại trực tràng, Ung thư vú, Ung thư dạ dày","Viên nén bao phim Xeloda (150-500mg/1 viên), Viên nén bao phim Capezen 150mg (150mg/1 viên), Viên nén bao phim Capecitabine (150-500mg/1 viên), Viên nén bao phim Capelodine (150-500mg/1 viên)"
,x,erdafitinib,"Ung thư biểu mô đường niệu tiến triển hoặc di căn, ung thư bàng quang có đột biến gen FGFR",Viên nén Balversa (2-3-5mg/1 viên)
,x,fluorouracil,"Ung thư đại trực tràng, Ung thư vú, Ung thư dạ dày, Ung thư tụy, Ung thư đầu và cổ, Ung thư da, Dày sừng quang hóa, Bệnh Bowen","Dung dịch tiêm, truyền tĩnh mạch Oncofluor( 500mg/10ml), Dung dịch dùng ngoài Fluorouracil (5%), Dung dịch tiêm 5-FU Onkovis 50mg/ml (50mg/ml), Dung dịch đậm đặc để pha dung dịch tiêm và tiêm truyền 5-Fluorouracil ""Ebewe"" (50mg/ml)"
,x,gefitinib,Ung thư phổi không tế bào nhỏ (NSCLC) tiến triển tại chỗ hoặc di căn có đột biến gen EGFR,"Viên nén Iressa (250mg/1 viên), Viên nén Matilda (250mg/1 viên), Viên nén Bigefinib 250(250mg/1 viên)"
,x,ibrutinib,"điều trị nhiều loại ung thư máu, bệnh ghép chống vật chủ mạn tính (cGVHD).","Viên nang Imbruvica (140mg/1 viên), viên nén bao phim Imbruvica (140mg/1 viên)"
,x,rucaparib,"Ung thư buồng trứng tái phát, Ung thư ống dẫn trứng tái phát, Ung thư phúc mạc tái phát, Ung thư tuyến tiền liệt di căn kháng thiến có đột biến BRCA",Viên nén Rubraca (200-250-300mg/1 viên)
,x,tegafur,"Ung thư dạ dày, Ung thư đại trực tràng, Ung thư vú, Ung thư phổi, Ung thư gan","Viên nang Ufur capsule (tegafur 100mg), Viên nang Mefuform (tegafur 100mg), Viên nang TS-One capsule (tegafur 20-25mg)"
,x,tamoxifen,"Ung thư vú, Ung thư vú dương tính với thụ thể hormone, Điều trị bổ trợ ung thư vú, Ung thư vú di căn, Phòng ngừa ung thư vú ở phụ nữ có nguy cơ cao","Viên nén Nolvadex (10-20mg/1 viên), Viên nén Tamoxifen Sandoz(10-20mg/1 viên), Viên nén Zitazonium (10mg/1 viên), Viên nén Rolnadez (10-20mg/1 viên)"
,x,mercaptopurine,"Bệnh bạch cầu cấp dòng lympho (ALL), Bệnh Crohn, Viêm loét đại tràng","Viên nén Purinethol (50mg/1 viên), Viên nén Mercaptopurine (50mg/1 viên)"
,x,voriconazole,"Nhiễm nấm Aspergillus xâm lấn, Nhiễm nấm Candida huyết ở bệnh nhân không giảm bạch cầu trung tính, Nhiễm nấm Candida thực quản, Nhiễm nấm nặng do Scedosporium spp., Nhiễm nấm nặng do Fusarium spp., Các nhiễm nấm xâm lấn nặng khác","Viên nén bao phim Lsp-Virona(200mg/1 viên), Viên nén bao phim Galfend (200mg/1 viên), Thuốc tiêm đông khô Atinazol 200 mg(200mg/lọ), Viên nén bao phim Voritab (50-200mg/1 viên)"
,x,flucloxacillin,"Nhiễm trùng da và mô mềm, Viêm mô tế bào, Chốc lở, Nhọt, Mụn nhọt, Nhiễm trùng vết thương, Áp xe, Nhiễm trùng xương và khớp, Viêm tủy xương, Viêm khớp nhiễm khuẩn, Viêm nội tâm mạc, Nhiễm trùng đường hô hấp, Viêm phổi, Viêm phế quản, Nhiễm trùng huyết, Dự phòng nhiễm trùng phẫu thuật","Viên nang Floxapen (250-500mg/1 viên), viên nang Fluclox cap (250-500mg/viên)"
,x,atazanavir,"Nhiễm HIV-1, AIDS","Viên nang Atazanavir Capsules (200-300mg/1 viên), Viên nang Atazanavir (as sulfate) capsules (150-300mg/1 viên), Viên nén bao phim Tastaza (300mg/1 viên)"
,x,abacavir,"Nhiễm HIV-1, Hội chứng suy giảm miễn dịch mắc phải (AIDS)","Viên nén Abacavir tablets USP 300mg (300mg/1 viên), Viên nén Abamune-L (Abacavir (dưới dạng abacavir sulfat) - 600mg; Lamivudin - 300mg/1 viên)"
,x,terbinafine,"Nấm da, Nấm móng, Nấm tóc, Lang ben, Nấm candida ở da, Nấm kẽ chân, Nấm thân, Nấm bẹn","Kem bôi Lamisil (10mg/1g), Gel bôi Lamisil Dermgel (1%/tuýp), Viên nén Terbisil Tablet (250mg/1 viên), Kem bôi  Bunpil Cream (10mg/g), Viên nén Terbinafine Hasan (250mg/1 viên),Dung dịch xịt ngoài da Tenafin 1% (10mg/ml)"
,x,efavirenz,Nhiễm HIV-1,"Viên nén Efavirenz 600(600mg/1 viên), Viên nén Efavirenz Tablets 600mg (600mg/1 viên), Viên nén Efavirenz Stada 600 mg (600mg/1 viên), Viên nén Efavirenz Mylan (600mg/1 viên), Viên nén Aviranz tablets 600mg (600mg/1 viên)"
,x,nelfinavir,"Nhiễm HIV-1, AIDS",Viên nén Viracept (250mg/1 viên)
,x,norethisterone/ethinylestradiol,"Tránh thai, Rối loạn kinh nguyệt, Lạc nội mạc tử cung, Hội chứng buồng trứng đa nang, Mụn trứng cá do nội tiết","Viên nén Loestrin 24 Fe (norethindrone acetate 1mg/ethinyl estradiol 20mcg/viên), Viên nén Ortho-Novum 1/35 (norethindrone 1mg/ethinyl estradiol 35mcg/viên), Viên nén Brevicon (norethindrone 0.5mg/ethinyl estradiol 35mcg)/viên, Viên nén Norinyl 1+35 (norethindrone 1mg/ethinyl estradiol 35mcg/viên), Viên nén Ovcon 35 (norethindrone 0.4mg/ethinyl estradiol 35mcg/viên), Viên nén Junel 1/20 (norethindrone acetate 1mg/ethinyl estradiol 20mcg/viên), Viên nén Blisovi Fe 1/20 (norethindrone acetate 1mg/ethinyl estradiol 20mcg/viên), Viên nén Microgestin Fe 1/20 (norethindrone acetate 1mg/ethinyl estradiol 20mcg/viên)"
,x,gestodene/ethinylestradiol,"Tránh thai, Rối loạn kinh nguyệt, Mụn trứng cá","Viên nén bao đường Gesdonyl ( Ethinylestradiol - 30 mcg; Gestodene - 75 mcg),  Viên nén bao Lindynette 20 ( Ethinylestradiol - 0,02mg; Gestodene - 0,075mg),  Viên nén bao phim Enprilest (Ethinylestradiol 20-30mcg; Gestodene 75mcg)"
,x,levonorgestrel/ethinylestradiol,"Ngừa thai, Điều hòa kinh nguyệt, Giảm đau bụng kinh, Giảm mụn trứng cá, Giảm chảy máu kinh nguyệt nặng","Viên nén Viên nén bao phim Asumate 20 ( Levonorgestrel - 0,1mg; Ethinylestradiol - 0,02mg)/viên), Viên nén bao phim Naceptiv (Viên vàng: Levonorgestrel - 0,125 mg; Ethinylestradiol - 0,03 mg), viên nén bao đường R-Den ( Levonorgestrel - 0,15mg; Ethinyl estradiol - 0,03mg)"
,x,desogestrel/ethinylestradiol,"Ngừa thai, Điều hòa chu kỳ kinh nguyệt không đều, Giảm đau bụng kinh, Điều trị mụn trứng cá, Giảm các triệu chứng tiền kinh nguyệt","Viên nén bao phim Estraceptin (Desogestrel - 0,15mg; Ethinylestradiol - 0,02mg), Viên nén Marvelon (  Desogestrel 0,15mg - ; Ethinyl estradiol 0,03mg), Viên nén bao phim Mercifort (Desogestrel 0,15mg - ; Ethinylestradiol 0,02mg)"
,x,dienogest/estradiol,"Tránh thai, Mụn trứng cá từ trung bình đến nặng (ở phụ nữ chọn biện pháp tránh thai đường uống), Lạc nội mạc tử cung","Viên nén bao phim Qlaira (Estradiol valerate 3mg), Viên nén bao phim Qlaira (Estradiol valerate 2mg/Dienogest 2mg), Viên nén bao phim Qlaira (Estradiol valerate 2mg/Dienogest 3mg), Viên nén bao phim Qlaira (Estradiol valerate 1mg)"
ko có dạng kết hợp,x,lynestrenol/ethinylestradiol,"Ngừa thai, Rối loạn kinh nguyệt, Rong kinh, Đau bụng kinh, Lạc nội mạc tử cung","Không có sản phẩm kết hợp phổ biến chứa cả lynestrenol và ethinylestradiol. Các sản phẩm chứa lynestrenol biệt bao gồm: Viên nén Orgametril (5mg/viên), Viên nén Exluton (0.5mg/viên). Các sản phẩm chứa ethinylestradiol thường kết hợp với các progestin khác trong thuốc tránh thai như: Viên nén Oganofolin (0.05mg ethinylestradiol/viên)"
,x,norgestimate/ethinylestradiol,"Ngừa thai, Điều trị mụn trứng cá từ trung bình đến nặng, Điều hòa kinh nguyệt, Giảm đau bụng kinh","Viên nén Centrisa (norgestimate 0.18mg/0.215mg/0.25mg, ethinylestradiol 0.025mg/1 viên), Viên nén Cyclen Tablets (Norgestimate (0.25 mg) + Ethinylestradiol (0.035 mg)), Viên nén Estarylla (norgestimate 0.25mg, ethinylestradiol 0.035mg/1 viên)"
không có dạng kết hợp,x,megestrol/ethinylestradiol,"Không có chỉ định chung cho sự kết hợp megestrol và ethinylestradiol dưới dạng một hoạt chất thuốc phổ biến. Megestrol acetate được dùng để điều trị ung thư vú tiến triển, ung thư nội mạc tử cung. Ethinylestradiol được dùng trong thuốc tránh thai và liệu pháp hormone thay thế.","Không có sản phẩm kết hợp phổ biến chứa cả megestrol và ethinylestradiol. Các sản phẩm chứa megestrol acetate riêng biệt bao gồm: Viên nén Quileva (5mg/viên), Viên nén Lutenyl (5mg/viên). Các sản phẩm chứa ethinylestradiol thường kết hợp với các progestin khác trong thuốc tránh thai như: Viên nén Oganofolin (0.05mg ethinylestradiol/viên)"
,x,chlormadinone/ethinylestradiol,"Tránh thai, Mụn trứng cá mức độ vừa, Đau bụng kinh, Kinh nguyệt không đều, nam hóa, ung thư tuyến tiền liệt","Viên nén bao phim Femidona (chlormadinone acetate - 2mg; ethinyl estradiol - 0,02 mg),Viên nén bao phim Planifert (Chlormadinone acetate 2mg, Ethinylestradiol 0,03mg)"
,x,ospemifene,"Khô âm đạo, Đau khi giao hợp, Teo âm đạo và âm hộ sau mãn kinh",Viên nén Osphena (60mg/1 viên)
,x,drospirenone/ethinylestradiol,"Tránh thai, Mụn trứng cá mức độ trung bình đến nặng, Rối loạn tiền kinh nguyệt","Viên nén bao phim Yasmin (3mg drospirenone/0.03mg ethinylestradiol), Viên nén bao phim Yaz (3mg drospirenone/0.02mg ethinylestradiol), Viên nén bao phim Dretinelle ( Drospirenone - 3mg; Ethinylestradiol - 0,02mg), Viên nén bao phim Drosperin ( Drospirenone - 3mg ; Ethinylestradiol - 0,03mg)"
,x,flibanserin,"Rối loạn ham muốn tình dục giảm hoạt động (HSDD) ở phụ nữ tiền mãn kinh, Giảm ham muốn tình dục ở phụ nữ tiền mãn kinh",Viên nén Addyi (100mg/1 viên)
,x,dapoxetine,"Xuất tinh sớm nguyên phát, Xuất tinh sớm thứ phát","Viên nén bao phim Priligy (30-60mg/1 viên), Viên nén bao phim Dapostella (30-60mg/1 viên)"
,x,darifenacin,"Bàng quang tăng hoạt, Tiểu không tự chủ, Tiểu gấp, Tiểu nhiều lần",Viên nén phóng thích kéo dài Enablex (7.5-15mg/1 viên)
,x,fesoterodine,"Bàng quang tăng hoạt (OAB), Tiểu gấp, Tiểu nhiều lần, Tiểu không kiểm soát",Viên nén phóng thích kéo dài Toviaz (4-8mg/1 viên)
,x,mirabegron,"Bàng quang tăng hoạt, Tiểu gấp, Tiểu nhiều lần, Tiểu không kiểm soát","Viên nén phóng thích kéo dài Myrbetriq (25-50mg/1 viên), Viên nén phóng thích kéo dài Betmiga (25-50mg/1 viên)"
,x,tolterodine,"Bàng quang tăng hoạt (OAB), Tiểu không tự chủ do thôi thúc, Tiểu nhiều lần, Tiểu gấp","Viên nén bao phim Detrusitol (1-2mg/1 viên), Viên nén bao phim Detrol (2mg/1 viên), Viên nang phóng thích kéo dài Detrusitol SR (2-4mg/1 viên)"
,x,tamsulosin,"Phì đại tiền liệt tuyến lành tính (BPH), Triệu chứng đường tiểu dưới (LUTS) liên quan đến BPH, Khó tiểu, Tiểu đêm, Tiểu rắt, Dòng nước tiểu yếu, Cảm giác tiểu không hết","Viên nang Tamsustad (0.4mg/1 viên), Viên nén giải phóng kéo dài Harnal Ocas 0,4mg (0.4mg/1 viên), Viên nang giải phóng kéo dài Tamodof (0.4mg/1 viên),  Viên nang giải phóng hoạt chất biến đổi Tamsi (0,4mg/viên)"
ko có phối hợp,x,peginterferon_alfa-2a/ribavirin,"Viêm gan C mạn tính, Viêm gan B mạn tính","Dung dịch tiêm Pegasys (Peginterferon alfa-2a 180mcg/0.5ml), Dung dịch tiêm Pegasys (Peginterferon alfa-2a 135mcg/0.5ml), Viên nén bao phim Copegus (Ribavirin 200mg/1 viên), Viên nén bao phim Copegus (Ribavirin 400mg/1 viên), Viên nang Rebetol (Ribavirin 200mg/1 viên)"
ko có phối hợp,x,peginterferon_alfa-2b/ribavirin,Viêm gan C mạn tính,"Bút tiêm PegIntron (Peginterferon alfa-2b 80mcg/0.5ml), Bút tiêm PegIntron (Peginterferon alfa-2b 120mcg/0.5ml), Bút tiêm PegIntron (Peginterferon alfa-2b 150mcg/0.5ml), Viên nang Rebetol (Ribavirin 200mg/1 viên), Viên nén Copegus (Ribavirin 200mg/1 viên)"
,x,tacrolimus,"Ngăn ngừa thải ghép tạng (ghép thận, ghép gan, ghép tim, ghép phổi), Viêm da cơ địa mức độ trung bình đến nặng, Eczema","Viên nang Prograf (0.5-1-5mg/1 viên), Thuốc mỡ Protopic (0.03-0.1%), Viên nang Advagraf (0.5-1-5mg/1 viên), dung dịch đậm đặc để pha truyền Prograf 5mg/ml (5mg/ml)"
,x,siponimod,"Đa xơ cứng thứ phát tiến triển (SPMS) có hoạt tính, Đa xơ cứng tái phát-thuyên giảm (RRMS) có hoạt tính bệnh",Viên nén Mayzent (0.25-1-2mg/1 viên)
,x,upadacitinib,"Viêm khớp dạng thấp từ trung bình đến nặng, Viêm khớp vảy nến thể hoạt động, Viêm cột sống dính khớp thể hoạt động, Viêm loét đại tràng từ trung bình đến nặng, Bệnh Crohn từ trung bình đến nặng, Viêm da cơ địa từ trung bình đến nặng","Viên nén phóng thích kéo dài Rinvoq (15mg/1 viên), Viên nén phóng thích kéo dài Rinvoq (30mg/1 viên), Viên nén phóng thích kéo dài Rinvoq (45mg/1 viên)"
,x,azathioprine,"Viêm khớp dạng thấp nặng và hoạt động, Bệnh Crohn, Viêm loét đại tràng, Lupus ban đỏ hệ thống, Viêm gan tự miễn, Viêm mạch máu, Bệnh pemphigus, Ngăn ngừa thải ghép thận, Ngăn ngừa thải ghép gan, Ngăn ngừa thải ghép tim","Viên nén bao phim Imazan (50mg/1 viên), Viên nén bao phim Heplazar (25-50mg/1 viên)"
,x,meclozine,"Say tàu xe, Buồn nôn, Nôn mửa, Chóng mặt, Rối loạn tiền đình","Viên nén Agyrax (25mg/viên), Viên nén Antivert (25-50 mg/viên)"
,x,aripiprazole,"Tâm thần phân liệt, Rối loạn lưỡng cực I, Rối loạn trầm cảm nặng, Rối loạn tự kỷ, Hội chứng Tourette","Viên nén Abilify (5-10-15mg/1 viên), Viên nén Aripegis (10-15-30mg/viên)"
,x,atomoxetine,"Rối loạn tăng động giảm chú ý (ADHD), Tăng động, Giảm chú ý, Bốc đồng","Viên nang Strattera (10-18-25-40-60-80-100mg/1 viên), Viên nang Atomoxetine (10-18-25-40-68-80-100mg/1 viên)"
,x,bupropion,"Trầm cảm nặng, Rối loạn cảm xúc theo mùa, Hỗ trợ cai thuốc lá","Viên nén phóng thích kéo dài Wellbutrin XL (150-300mg/1 viên), Viên nén Breakin(150mg/1 viên), Viên nén phóng thích kéo dài Zyban (150mg/1 viên)"
,x,tetrabenazine,Bệnh Huntington(bệnh múa giật),"Viên nén Xenazine (12.5-25mg/1 viên), Viên nén Nitoman (25mg/1 viên)"
,x,aripiprazole lauroxil,"Tâm thần phân liệt, Rối loạn lưỡng cực type I","Thuốc tiêm Aristada (441mg/1.6ml), Thuốc tiêm Aristada (662mg/2.4ml), Thuốc tiêm Aristada (882mg/3.2ml), Thuốc tiêm Aristada (1064mg/3.9ml)"
,x,brexpiprazole,"Tâm thần phân liệt, Rối loạn trầm cảm nặng (điều trị bổ trợ), Kích động liên quan đến sa sút trí tuệ do bệnh Alzheimer","Viên nén bao phim Rexulti (0.25-0.5-1-2-3-4mg/1 viên), Viên nén bao phim Xulrextif (0.5-1-2mg/1 viên)"
,x,cariprazine,"Rối loạn tâm thần phân liệt, Rối loạn lưỡng cực I (giai đoạn hưng cảm, giai đoạn hỗn hợp, giai đoạn trầm cảm), Rối loạn trầm cảm nặng (điều trị bổ trợ), Triệu chứng hưng cảm, Triệu chứng trầm cảm, Triệu chứng hỗn hợp","Viên nang Vraylar (1.5-3-4.5-6mg/1 viên), viên nang Reagila (1.5-3-4.5-6mg/1 viên)"
,x,clobazam,"Rối loạn lo âu, Động kinh (đặc biệt hội chứng Lennox-Gastaut), Mất ngủ ngắn hạn, Co thắt cơ",Viên nén Frisium (10-20mg/1 viên) 
,x,clozapine,"Tâm thần phân liệt kháng trị, Giảm nguy cơ hành vi tự tử tái diễn ở bệnh nhân tâm thần phân liệt hoặc rối loạn phân liệt cảm xúc","Viên nén Leponex (25mg/1 viên), Viên nén Clozapyl (25-100mg/1 viên), Viên nén Sunsizopin (25-100mg/1 viên)"
,x,diazepam,"Rối loạn lo âu, Mất ngủ ngắn hạn, Co thắt cơ, Động kinh, Hội chứng cai rượu cấp tính, Tiền mê trước phẫu thuật, Cơn hoảng loạn","Viên nén Seduxen (5mg/1 viên), Viên nén Diazepam Vidipha 5 (5mg/1 viên), Dung dịch tiêm Seduxen 10mg/2ml (10mg/2ml), Dung dịch tiêm Diazepam 5mg/ml(5mg/ml) "
,x,flupentixol,"Tâm thần phân liệt cấp tính, Tâm thần phân liệt mạn tính, Rối loạn tâm thần, Trầm cảm có lo âu, Trầm cảm có suy nhược, Trầm cảm có thờ ơ, Rối loạn hành vi, Lo âu nặng, Kích động, Hưng cảm, Trạng thái hoang tưởng","Viên nén bao phim Fluanxol (0.5-3mg/1 viên), Dung dịch tiêm Fluanxol Depot (20mg-100/1ml)"
,x,haloperidol,"Tâm thần phân liệt, Rối loạn tâm thần, Hưng cảm, Hội chứng Tourette, Kích động, Mê sảng, Buồn nôn và nôn nặng, Múa giật nhẹ và trung bình ở bệnh Huntington","Viên nén Haloperidol (1.5mg/1 viên), Dung dịch uống Haloperidol (15ml/lọ), Thuốc tiêm Haloperidol Decanoate (50mg/ml ống tiêm), Thuốc tiêm Haloperidol Decanoate (100mg/ml ống tiêm),Dung dịch tiêm Haloperidol 0,5% (5mg/1ml)"
,x,iloperidone,"Tâm thần phân liệt, Ảo giác, Hoang tưởng, Rối loạn tư duy, Các triệu chứng dương tính của tâm thần phân liệt, Các triệu chứng âm tính của tâm thần phân liệt",Viên nén Fanapt (1-2-4-6-8-10-12mg/1 viên)
,x,olanzapine,"Tâm thần phân liệt, Rối loạn lưỡng cực (giai đoạn hưng cảm hoặc hỗn hợp), Trầm cảm, buồn nôn, mất ngủ","Viên nén Zolaxa (5mg/1 viên),  Viên nén phân tán trong miệng Zolaxa Rapid (5-10-15-20mg/1 viên), Viên nén bao phim Olmed(5-10mg/1 viên)"
,x,paliperidone,"Tâm thần phân liệt, Rối loạn phân liệt cảm xúc","Viên nén phóng thích kéo dài Invega (3-6mg/1 viên), Hỗn dịch tiêm phóng thích kéo dài Invega Sustenna (50 mg/0,5 ml-75 mg/0,75 ml-150mg/1,5ml-100 mg/1 ml)"
,x,perphenazine,"Tâm thần phân liệt, Rối loạn loạn thần, Buồn nôn nặng, Nôn mửa nặng",Viên nén Perphenazine (2-4-8-16mg/1 viên)
,x,pimozide,"Rối loạn Tourette mạn tính nặng, Cơn bùng phát giọng nói và các chuyển động lặp đi lặp lại không kiểm soát của cơ thể (tics), Rối loạn hoang tưởng (chỉ định không chính thức), Rối loạn tic nặng",Viên nén Orap (1-2-4mg/1 viên)
,x,quetiapine,"Tâm thần phân liệt, Rối loạn lưỡng cực (giai đoạn hưng cảm cấp tính, giai đoạn trầm cảm, điều trị duy trì), Rối loạn trầm cảm nặng (điều trị bổ trợ), Hưng cảm, Trầm cảm","Viên nén Seroquel XR (50-200-300-400mg/1 viên), Viên nén Quetidin (25-300mg/1 viên), viên nén bao phim Quetiapine STELLA 200 mg(200mg/viên)"
,x,risperidone,"Tâm thần phân liệt cấp tính, Tâm thần phân liệt mạn tính, Rối loạn lưỡng cực (giai đoạn hưng cảm, giai đoạn hỗn hợp), Rối loạn hành vi ở người sa sút trí tuệ, Cáu gắt liên quan đến rối loạn tự kỷ","Viên nén bao phim Rileptid (1-2mg/1 viên), Viên nén bao phim Sizodon (1-2mg/1 viên), Viên nén bao phim Risperdal  (1-2mg/1 viên)"
,x,sertindole, bệnh tâm thần phân liệt,Viên nén Serdolect (4-12-16-20mg/1 viên)
,x,thioridazine,"Tâm thần phân liệt, Rối loạn tâm thần, Rối loạn hành vi nặng ở trẻ em, Kích động và lo âu",Viên nén Mellaril (10-25-50-100mg/1 viên)
,x,zuclopenthixol,"Tâm thần phân liệt cấp tính, Tâm thần phân liệt mạn tính, Rối loạn tâm thần, Hưng cảm, Kích động cấp tính, Lo âu nặng, Hành vi hung hăng, Ảo giác, Hoang tưởng, Rối loạn tư duy","Dung dịch tiêm dầu Clopixol Depot (200mg/ml), Dung dịch tiêm dầu Clopixol-Acuphase(50mg/ml)"
,x,lacosamide,"Động kinh, Co giật khởi phát cục bộ, Co giật toàn thể thứ phát","Viên nén bao phim Vimpat (50-100-150mg/1 viên),Dung dịch tiêm truyền Vimpat (200mg/20ml)"
,x,oxcarbazepine,"Động kinh cục bộ, Động kinh co giật toàn thể, Động kinh","Viên nén bao phim Trileptal (300mg/1 viên), Hỗn dịch uống Trileptal (60mg/ml), Viên nén Oxamed (300mg/1 viên), Viên nén Oxcarbazepine Tablets (150-300-600mg/1 viên)"
,x,phenytoin,"các cơn co giật, các cơn động kinh co cứng-co giật, động kinh cục bộ. ","Viên nang Di-Hydan 100mg (100mg/1 viên), Viên nén Phenytoin 100mg (100mg/1 viên), Viên nén Phentinil (100mg/1 viên)"
,x,amfetamine,"Rối loạn tăng động giảm chú ý, Chứng ngủ rũ, Béo phì (điều trị ngắn hạn), Khó tập trung, Tăng động, Buồn ngủ ban ngày quá mức","Viên nén Adderall( 5mg, 10mg, 20mg, 30mg), Viên nang phóng thích kéo dài Adderall XR 5mg, 10mg, 15mg, 20mg, 25mg, 30mg), Viên nén tan trong miệng Adzenys XR-ODT(12.5-15.7-18.8 mg-3.1-6.3-9.4mg/viên)"
,x,amitriptyline,"Trầm cảm, Đau thần kinh, Đau mạn tính, Phòng ngừa đau nửa đầu, Mất ngủ",Viên nén Amitriptyline 25mg (25mg/1 viên)
,x,amoxapine,"Trầm cảm nặng, Trầm cảm có lo âu, Trầm cảm loạn thần, Trầm cảm nội sinh", Viên nén Asendin Tab (25-50-100-150mg/1 viên)
,x,citalopram,"Trầm cảm, Rối loạn hoảng sợ, Rối loạn ám ảnh cưỡng chế, Rối loạn lo âu xã hội","Viên nén bao phim Citopam (10-20mg/1 viên), Viên nén bao phim Citalopram Stada (10-20mg/1 viên), Viên nén bao phim Cinasav (10-20mg/1 viên)"
,x,clomipramine,"Rối loạn ám ảnh cưỡng chế, Trầm cảm, Rối loạn hoảng sợ, Đau thần kinh mạn tính, Chứng ngủ rũ kèm mất trương lực cơ",Viên nén bao phim Anafranil (10-25-50-75mg/1 viên)
,x,desipramine,"Trầm cảm, Đau thần kinh, Phiền muộn, lo âu, rối loạn hoảng sợ",Viên nén Norpramin (10-25-50-75-100mg/1 viên)
,x,desvenlafaxine,"Rối loạn trầm cảm nặng, Rối loạn lo âu lan tỏa","Viên nén phóng thích kéo dài Pristiq (50-100mg/1 viên), Viên nén phóng thích kéo dài Khedezla (50-100mg/1 viên)"
,x,donepezil,"Bệnh Alzheimer (từ nhẹ đến nặng), Sa sút trí tuệ do bệnh Alzheimer, Suy giảm nhận thức, Mất trí nhớ, Lú lẫn, Rối loạn hành vi liên quan đến Alzheimer","Viên nén Aricept Aricept Evess (5-10mg/1 viên), Viên nén bao phim Alzepil (5mg/1 viên), Viên nén Rizax (5-10mg/1 viên)"
,x,doxepin,"Trầm cảm, Rối loạn lo âu, Mất ngủ, Mề đay mạn tính, Ngứa","Viên nang Sinequan (10-25-50mg/1 viên), Viên nén Silenor (3-6mg/1 viên), Kem bôi Zonalon (5% doxepin), Kem bôi Prudoxin (5% doxepin)"
,x,duloxetine,"Rối loạn trầm cảm nặng, Rối loạn lo âu lan tỏa, Đau thần kinh ngoại biên do tiểu đường, Đau cơ xương khớp mạn tính, Đau lưng mạn tính, Đau khớp gối mạn tính, Đau xơ cơ, Tiểu không tự chủ do gắng sức","Viên nang cứng bao tan tròn ruột Cymbalta (30-60mg/1 viên), Viên nén bao tan triong ruột Dulox-40 (30mg/1 viên)"
,x,escitalopram,"Rối loạn trầm cảm nặng, Rối loạn lo âu lan tỏa, Rối loạn lo âu xã hội, Rối loạn hoảng sợ","Viên nén Feliz S (10-20mg/1 viên), Viên nén Tonsga (10mg/1 viên), Viên nén bao phim Intalopram (5-10-20mg/1 viên), Viên nén Lupilopram (10-20mg/1 viên)"
,x,fluoxetine,"Rối loạn trầm cảm nặng, Rối loạn ám ảnh cưỡng chế, Rối loạn ăn uống (chứng cuồng ăn), Rối loạn hoảng sợ, Rối loạn tiền kinh nguyệt","Viên nén Oxedep (10-20mg/1 viên), Viên nang Magrilan 20mg (20mg/1 viên), Viên nang Fluotin 20 (20mg/1 viên)"
,x,fluvoxamine,"Rối loạn ám ảnh cưỡng chế (OCD), Rối loạn trầm cảm nặng, Rối loạn lo âu xã hội, Rối loạn hoảng sợ, Trầm cảm","Viên nén Faverin (50-100mg/1 viên), Viên nén Luvox 100mg (100mg/1 viên)"
,x,galantamine,"Bệnh Alzheimer từ nhẹ đến trung bình, Sa sút trí tuệ do Alzheimer, Suy giảm nhận thức, Rối loạn trí nhớ","Viên nén bao phim Zanladyne (4-8-12mg/1 viên), Dung dịch uống Zanladyne Sp. (4mg/ml), Viên nén Reminyl (12mg/1 viên), Viên nang phóng thích kéo dài Reminyl (8-16mg/1 viên)"
,x,imipramine,"Trầm cảm, Rối loạn hoảng sợ, Đái dầm ở trẻ em, Rối loạn ăn uống","Viên nén Tofranil (10-25-50mg/1 viên), Viên nén Imipramine (10-25-50-75mg/1 viên)"
,x,methylphenidate,"Rối loạn tăng động giảm chú ý (ADHD), Ngủ rũ (Narcolepsy), Khó tập trung, Tăng động, Bốc đồng, Buồn ngủ quá mức vào ban ngày","Viên nén phóng thích kéo dài Concerta (18-27-36-54mg/1 viên), Viên nén phóng thích chậm Ritalin SR (20mg/1 viên), Dung dịch uống Methylin (10mg/5ml), Miếng dán qua da Daytrana (10mg/9 giờ)"
,x,mirtazapine,"Rối loạn trầm cảm nặng, Trầm cảm, Mất ngủ liên quan đến trầm cảm, Lo âu liên quan đến trầm cảm","Viên nén bao phim Remeron 30 (30mg/1 viên), Viên nén phân tán trong miệng Remeron Soltab (30mg/1 viên), Viên nén bao phim Jewell (30mg/1 viên)"
,x,modafinil,"Chứng ngủ rũ, Rối loạn giấc ngủ do làm việc theo ca, Ngưng thở khi ngủ do tắc nghẽn (để cải thiện tình trạng buồn ngủ quá mức ban ngày), Buồn ngủ quá mức vào ban ngày","Viên nén Provigil (100-200mg/1 viên), Viên nén Modalert (100-200mg/1 viên)"
,x,nefazodone,Rối loạn trầm cảm nặng,"Viên nén Serzone (50-100-150-200mg/1 viên), viên nén Nefazodone hydrochloride (50-100-150-200mg/viên)"
,x,nortriptyline,"Trầm cảm, Rối loạn tăng động, Rối loạn ăn uống, Kiếm soát chứng lo âu","Viên nang Nortriptyline (10-25mg/1 viên),Viên nang Pamelor (10-25-50mg/1 viên)"
,x,paroxetine,"Rối loạn trầm cảm nặng, Rối loạn ám ảnh cưỡng chế, Rối loạn hoảng sợ, Rối loạn lo âu xã hội, Rối loạn lo âu lan tỏa, Rối loạn căng thẳng sau sang chấn, Rối loạn tiền kinh nguyệt","Viên nén bao phim Paroxetine Stella  (20-30mg/1 viên), Viên nén Paxine (20-40mg/1 viên), Viên nén bao phum Bluetine (20mg/1 viên), Viên nén bao đường Pharmapar (20mg/viên)"
,x,protriptyline,Trầm cảm,Viên nén Vivactil (5-10mg/1 viên)
,x,sertraline,"Rối loạn trầm cảm nặng, Rối loạn ám ảnh cưỡng chế, Rối loạn hoảng sợ, Rối loạn căng thẳng sau chấn thương, Rối loạn lo âu xã hội, Rối loạn tiền kinh nguyệt","Viên nén bao phim Zoloft (50mg/1 viên), Viên nén Cetzin (50-100mg/1 viên), Viên nén Asentra 50mg (50mg/1 viên)"
,x,trimipramine,"Trầm cảm, Trầm cảm kèm lo âu, Trầm cảm kèm mất ngủ, Mất ngủ",Viên nén Surmontil (25-50-100mg/1 viên)
,x,venlafaxine,"Rối loạn trầm cảm nặng, Rối loạn lo âu lan tỏa, Rối loạn lo âu xã hội, Rối loạn hoảng sợ","Viên nang giải phóng kéo dài Effexor XR (75mg/1 viên), Viên nén bao phim phóng thích kéo dài Venlafaxine STELLA 75mg (75mg/1 viên), Viên nang giải phóng chậm Velaxin (75mg/1 viên)"
,x,vortioxetine,"Rối loạn trầm cảm nặng, Trầm cảm, Các triệu chứng lo âu liên quan đến trầm cảm, Suy giảm chức năng nhận thức ở bệnh nhân trầm cảm",Viên nén bao phim Brintellix (5-10-20mg/1 viên)
,x,fluoxetine/olanzapine,"Trầm cảm của rối loạn lưỡng cực I, Trầm cảm kháng thuốc, Rối loạn tâm thần tiền kinh nguyệt","Viên nang Symbyax (6mg fluoxetine/25mg olanzapine), Viên nang Symbyax (12mg fluoxetine/25mg olanzapine), Viên nang Symbyax (12mg fluoxetine/50mg olanzapine)"
,x,cevimeline,"Khô miệng do hội chứng Sjögren, Khó nuốt do thiếu nước bọt, Khó nói do thiếu nước bọt",Viên nang Evoxac (30mg/1 viên)
,x,deutetrabenazine,"Rối loạn vận động muộn (Tardive Dyskinesia), Múa giật liên quan đến bệnh Huntington (Chorea associated with Huntington's disease), Rối loạn vận động","Viên nén Austedo (6-9-12mg/1 viên), Viên nén giải phóng chậm Austedo (6-12-18-24-30-36-42-48mg/1 viên)"
,x,lofexidine,Triệu chứng nghiện opioid cấp tính ở người lớn,Viên nén Lucemyra (0.2mg/1 viên)
,x,methadone,"Nghiện các chất dạng thuốc phiện opioid, Giảm đau trung bình đến nặng, Đau mạn tính","Viên nén Dolophine (5-10mg/viên), viên nén Metadol (5-10-25mg/viên)"
,x,pitolisant,"Ngủ rũ, Buồn ngủ ban ngày quá mức liên quan đến ngủ rũ, Mất trương lực cơ đột ngột (cataplexy) liên quan đến ngủ rũ",Viên nén Wakix (4.45-17.8mg/1 viên)
,x,valbenazine,"Rối loạn vận động muộn, Các cử động không tự chủ",Viên nang Ingrezza (40-80mg/1 viên)
,x,dextromethorphan/quinidine,"Hội chứng cảm xúc không ổn định (Pseudobulbar Affect - PBA), Khóc không kiểm soát, Cười không kiểm soát, Rối loạn cảm xúc liên quan đến các bệnh thần kinh như xơ cứng rải rác (MS), xơ cứng teo cơ một bên (ALS)",Viên nang Nuedexta (20mg dextromethorphan/10mg quinidine)
,x,carbamazepine,"Động kinh cục bộ, Động kinh toàn thể, Động kinh co cứng-co giật, Đau dây thần kinh sinh ba, Rối loạn lưỡng cực","Viên nén Tegretol (200mg/1 viên), Viên nén giải phóng chậm Tegretol CR (200mg/1 viên), Viên nén Carbatol-200 (200mg/1 viên), Viên nén Taver (200mg/1 viên)"
,x,desflurane,"Gây mê toàn thân trong phẫu thuật, Duy trì mê trong phẫu thuật, Khởi mê trong phẫu thuật","Dung dịch bay hơi để hít Suprane (100% desflurane, 240ml/chai)"
,x,enflurane,"Gây mê toàn thân trong phẫu thuật, Duy trì gây mê trong phẫu thuật, Giảm đau trong phẫu thuật",Chất lỏng để hít Enflurane (100%/250ml)
,x,halothane,"Gây mê toàn thân trong phẫu thuật, Khởi mê, Duy trì mê",Dung dịch bay hơi Halothane BP 250 (100%/250ml/lọ)
,x,isoflurane,"Gây mê toàn thân trong phẫu thuật, Duy trì mê trong phẫu thuật, Giãn cơ trong phẫu thuật, Giảm đau trong phẫu thuật","Chất lỏng để hít Aerrane (100%/250ml), Chất lỏng để hít Isiflura (100%/250ml), Chất lỏng để hít Forane (100%/250ml)"
,x,sevoflurane,"Gây mê toàn thân, Duy trì mê trong phẫu thuật, Khởi mê trong phẫu thuật","Dịch lỏng để hít Sevorane (100%/250ml), Dịch lỏng để hít Besfluran (100%/250ml), Dịch lỏng để hít Seaoflura (100%/250ml)"
,x,dronabinol,"Buồn nôn và nôn do hóa trị liệu ung thư (không đáp ứng với các thuốc chống nôn khác), Chán ăn liên quan đến sụt cân ở bệnh nhân AIDS","Viên nang Marinol (2.5-5-10mg/1 viên), Dung dịch uống Syndros (5mg/ml)"
,x,ondansetron,"Buồn nôn và nôn do hóa trị, Buồn nôn và nôn do xạ trị, Buồn nôn và nôn sau phẫu thuật","Viên nén Dloe (4-8mg/1 viên),  Dung dịch tiêm Dloe (4-8mg/1 viên), Viên nén phân tán trong miệng Sosvomit ODT (4-8mg/viên), Bột đông khô pha tiêm Yuhanondansetron Injection 4mg/2ml (4mg)"
,x,palonosetron,"Buồn nôn và nôn do hóa trị liệu, Buồn nôn và nôn sau phẫu thuật, Buồn nôn và nôn cấp tính do hóa trị, Buồn nôn và nôn muộn do hóa trị","Dung dịch tiêm Aloxi (0.25mg/5ml), Dung dịch tiêm Palset (0.25mg/5ml), Dung dịch tiêm Sendatron 250 microgram  (0.25mg/5ml), Dung dịch tiêm Palono-BFS (0.25mg/5ml)"
,x,tropisetron,"Buồn nôn và nôn do hóa trị liệu ung thư, Buồn nôn và nôn sau phẫu thuật",Viên nang Navoban (5mg/1 viên)
,x,quinine,"Sốt rét, Sốt rét thể nặng, Sốt rét kháng thuốc",Viên nén Quinine Sulfate (250-300mg/1 viên)
,x,arformoterol,"Bệnh phổi tắc nghẽn mạn tính (COPD), Co thắt phế quản liên quan đến COPD, Khí phế thũng, Viêm phế quản mạn tính, Tắc nghẽn đường thở ở bệnh nhân COPD",Dung dịch hít Brovana (15mcg/2ml)
,x,tiotropium bromide,"Bệnh phổi tắc nghẽn mạn tính (COPD), Hen phế quản, Co thắt phế quản liên quan đến COPD","Bột hít Spiriva HandiHaler (18mcg/1 viên nang), Dung dịch hít Spiriva Respimat (1.25-2.5mcg/nhát xịt), Dung dịch để hít	Spiolto Respimat ((2.5mcg/nhát xịt)"
,x,umeclidinium bromide,"Bệnh phổi tắc nghẽn mạn tính (COPD), Khó thở do COPD, Co thắt phế quản liên quan đến COPD","Thuốc bột hít phân liều Trelegy Ellipta (62.5 mcg (0.0625 mg)/nhát xịt), Thuốc bột hít phân liều Anoro Ellipta (62.5 mcg (0.0625 mg)/nhát xịt)"
,x,vilanterol/umeclidinium bromide,"Bệnh phổi tắc nghẽn mạn tính (COPD), Viêm phế quản mạn tính, Khí phế thũng, Khó thở do COPD, Giảm các đợt cấp của COPD",Thuốc bột hít phân liều Anoro Ellipta (vilanterol 25mcg/umeclidinium 62.5mcg)
,x,ivacaftor,Bệnh xơ nang (Cystic Fibrosis),"Viên nén bao phim Kalydeco (75-150mg/1 viên), Hạt uống Kalydeco (5.8-13.4-25-50-75 mg/đơn vị dùng)"
,x,flurbiprofen,"Đau họng, Viêm họng, Đau răng, Đau đầu, Đau cơ, Đau khớp, Viêm khớp dạng thấp, Viêm xương khớp, Viêm cột sống dính khớp, Đau bụng kinh, Đau sau phẫu thuật, Viêm gân, Viêm bao hoạt dịch, Viêm mắt sau phẫu thuật đục thủy tinh thể","Kẹo ngậm StrepsilsMaxpro (8.75mg/1 viên ngậm), Kẹo ngậm Strefen (8.75mg/1 viên ngậm), Viên nén Froben (50mg/1 viên), Viên nén Froben (100mg/1 viên), Viên nén Ansaid (100mg/1 viên), Thuốc nhỏ mắt Ocufen (0.12mg/0.4ml)"
,x,ibuprofen,"Đau đầu, Sốt, Đau cơ, Đau khớp, Viêm khớp dạng thấp, Viêm xương khớp, Đau bụng kinh, Đau răng, Đau lưng, Bong gân, Căng cơ, Viêm bao hoạt dịch, Viêm gân, Đau sau phẫu thuật, Đau do chấn thương","Viên nén bao phim Ibuprofen (200-400-600mg/1 viên), Hỗn dịch uống Brufen (100mg/5ml), Viên nang mềm Gofen 400 clearcap (400mg/1 viên)"
,x,codeine,"Đau mức độ trung bình, Ho khan, Ho do kích ứng","Viên nén Efferalgan Codeine (paracetamol 500mg, codeine 30mg/1 viên), viên nén bao đường Neo-Codion (codeine base 14,93mg/viên), Viên nén Terpin Codein (terpin hydrat 100mg, codeine 15mg/1 viên)"
,x,atazanavir,"Nhiễm HIV-1, AIDS","Viên nang Atazanavir Capsules (200-300mg/1 viên), Viên nang Atazanavir (as sulfate) capsules (150-300mg/1 viên), Viên nén bao phim Tastaza (300mg/1 viên)"
,x,ritonavir,"Nhiễm HIV-1, AIDS","Viên nén Norvir (100mg/1 viên), Viên nén bao phim Kaletra (lopinavir 200mg/ritonavir 50mg), Viên nén bao phim Aluvia (lopinavir 200mg/ritonavir 50mg)"